id,session,tempdta,temp,crt,mathreported,mathcorrect,mathmistakes,wordstotalreported,wordstotalcorrect,wordsmistakes,repeats,word2,word3,word4,word5,word6,word7,word8,word9,word score,male,gender,age,majorecon,nativegerman,enjoymath,enjoywords,strongme,temp category,cool,normal,warm,hot,month
0,1,19.100000381,19.1,0,13,12,1,24,21,3,0,3,3,6,5,4,0,0,0,246,0,F,32,1,1,5,9,9,cool,1,0,0,0,9
1,1,19.100000381,19.1,2,16,13,3,23,23,0,0,1,7,11,2,2,0,0,0,227,1,M,24,1,1,10,10,10,cool,1,0,0,0,9
2,1,19.100000381,19.1,0,23,19,4,25,25,0,0,4,7,9,5,0,0,0,0,219,1,M,28,0,1,1,8,10,cool,1,0,0,0,9
3,1,19.100000381,19.1,2,15,14,1,16,15,1,0,1,3,4,4,3,0,0,0,184,0,F,28,0,1,6,8,6,cool,1,0,0,0,9
4,1,19.100000381,19.1,1,19,15,4,26,26,0,0,4,6,10,3,3,0,0,0,256,0,F,23,0,0,2,8,7,cool,1,0,0,0,9
5,1,19.100000381,19.1,3,17,14,3,23,22,1,0,1,5,10,6,0,0,0,0,223,0,F,22,0,0,7,5,8,cool,1,0,0,0,9
6,1,19.100000381,19.1,3,13,12,1,17,11,6,0,0,4,3,2,2,0,0,0,126,1,M,25,0,1,4,6,7,cool,1,0,0,0,9
7,1,19.100000381,19.1,3,13,11,2,30,30,0,0,1,10,10,6,3,0,0,0,316,0,F,19,1,1,2,4,8,cool,1,0,0,0,9
8,1,19.100000381,19.1,2,11,10,1,11,10,1,0,1,1,2,4,2,0,0,0,131,1,M,25,0,0,8,8,10,cool,1,0,0,0,9
9,1,19.100000381,19.1,3,10,8,2,18,16,2,0,0,2,4,6,4,0,0,0,226,1,M,27,0,1,6,10,8,cool,1,0,0,0,9
10,1,19.100000381,19.1,3,21,17,4,24,1,23,0,0,0,1,0,0,0,0,0,10,1,M,25,1,1,10,5,10,cool,1,0,0,0,9
11,1,19.100000381,19.1,3,7,5,2,12,12,0,0,0,5,6,1,0,0,0,0,105,1,M,20,0,1,3,8,6,cool,1,0,0,0,9
12,1,19.100000381,19.1,3,11,5,6,8,6,2,0,0,0,2,3,1,0,0,0,86,1,M,24,1,1,10,10,7,cool,1,0,0,0,9
13,1,19.100000381,19.1,3,20,17,3,23,22,0,1,1,4,8,6,3,0,0,0,260,1,M,21,1,1,8,6,8,cool,1,0,0,0,9
14,1,19.100000381,19.1,3,19,16,3,31,31,0,0,5,12,10,3,1,0,0,0,253,1,M,20,1,1,6,6,6,cool,1,0,0,0,9
15,1,19.100000381,19.1,3,9,7,2,26,25,1,0,3,7,8,4,3,0,0,0,254,0,F,19,0,1,1,8,9,cool,1,0,0,0,9
16,1,19.100000381,19.1,2,6,6,0,20,17,3,0,1,7,9,0,0,0,0,0,135,1,M,30,1,1,7,8,7,cool,1,0,0,0,9
17,1,19.100000381,19.1,3,11,10,1,12,10,2,0,0,3,4,2,1,0,0,0,109,0,F,23,0,0,10,10,8,cool,1,0,0,0,9
18,1,19.100000381,19.1,2,19,12,7,13,13,0,0,0,1,4,6,1,1,0,0,185,1,M,26,1,1,7,9,7,cool,1,0,0,0,9
19,1,19.100000381,19.1,3,12,7,5,16,15,1,0,1,6,4,3,1,0,0,0,145,1,M,20,1,1,10,10,8,cool,1,0,0,0,9
20,1,19.100000381,19.1,2,12,12,0,11,11,0,0,0,5,5,1,0,0,0,0,95,1,M,22,0,1,1,5,1,cool,1,0,0,0,9
21,2,19.350000381,19.35,2,2,1,1,25,25,0,0,3,8,7,4,3,0,0,0,250,1,M,21,0,1,1,10,6,cool,1,0,0,0,9
22,2,19.350000381,19.35,1,19,18,1,40,39,1,0,5,9,16,8,1,0,0,0,370,0,F,22,0,1,8,8,8,cool,1,0,0,0,9
23,2,19.350000381,19.35,3,21,20,1,21,19,2,0,2,7,5,2,2,0,1,0,206,1,M,18,0,1,10,10,10,cool,1,0,0,0,9
24,2,19.350000381,19.35,2,18,10,8,11,11,0,0,0,1,4,4,2,0,0,0,148,0,F,19,0,1,8,3,10,cool,1,0,0,0,9
25,2,19.350000381,19.35,3,12,6,6,31,31,0,0,1,10,10,8,2,0,0,0,325,0,F,23,1,1,2,8,7,cool,1,0,0,0,9
26,2,19.350000381,19.35,3,9,7,2,23,22,1,0,0,5,7,6,4,0,0,0,274,0,F,21,1,1,7,10,7,cool,1,0,0,0,9
27,2,19.350000381,19.35,3,15,12,3,22,22,0,0,2,9,6,4,1,0,0,0,201,1,M,19,1,1,5,5,6,cool,1,0,0,0,9
28,2,19.350000381,19.35,1,11,8,3,23,23,0,0,3,9,7,4,0,0,0,0,193,0,F,25,0,1,3,4,5,cool,1,0,0,0,9
29,2,19.350000381,19.35,3,16,14,2,32,32,0,0,1,7,13,9,2,0,0,0,352,1,M,24,0,0,1,4,4,cool,1,0,0,0,9
30,2,19.350000381,19.35,2,11,10,1,14,14,0,0,1,10,3,0,0,0,0,0,93,1,M,39,0,1,2,5,9,cool,1,0,0,0,9
31,2,19.350000381,19.35,1,12,10,2,18,16,2,0,1,3,8,1,3,0,0,0,179,0,F,24,1,1,1,3,9,cool,1,0,0,0,9
32,2,19.350000381,19.35,2,18,15,3,,,,,,,,,,,,,,1,M,28,,0,6,,7,cool,1,0,0,0,9
33,2,19.350000381,19.35,1,5,5,0,10,10,0,0,0,4,3,1,1,0,0,1,135,0,F,20,1,1,9,8,10,cool,1,0,0,0,9
34,2,19.350000381,19.35,3,13,13,0,14,14,0,0,0,5,4,5,0,0,0,0,145,1,M,27,0,1,8,8,7,cool,1,0,0,0,9
35,2,19.350000381,19.35,3,15,14,1,34,29,5,0,2,8,10,3,5,1,0,0,332,1,M,29,0,1,10,9,7,cool,1,0,0,0,9
36,2,19.350000381,19.35,3,11,3,8,12,12,0,0,0,1,4,3,3,1,0,0,182,0,F,20,1,1,8,5,8,cool,1,0,0,0,9
37,2,19.350000381,19.35,2,16,14,2,30,25,5,0,2,10,6,4,2,1,0,0,256,1,M,28,1,1,6,6,7,cool,1,0,0,0,9
38,2,19.350000381,19.35,3,9,6,3,16,15,1,0,0,5,8,1,1,0,0,0,146,1,M,25,0,1,7,3,7,cool,1,0,0,0,9
39,2,19.350000381,19.35,2,8,6,2,31,31,0,0,3,7,11,6,4,0,0,0,335,1,M,23,0,1,4,10,8,cool,1,0,0,0,9
40,2,19.350000381,19.35,3,13,11,2,27,22,5,0,1,5,10,4,1,1,0,0,242,1,M,26,0,1,10,10,10,cool,1,0,0,0,9
41,2,19.350000381,19.35,2,13,12,1,21,21,0,0,0,0,4,14,3,0,0,0,313,1,M,25,0,1,5,5,8,cool,1,0,0,0,9
42,2,19.350000381,19.35,3,3,2,1,12,12,0,0,0,2,8,2,0,0,0,0,122,0,F,20,0,1,2,5,7,cool,1,0,0,0,9
43,2,19.350000381,19.35,3,21,21,0,21,21,0,0,3,6,7,2,3,0,0,0,208,1,M,22,1,0,9,7,10,cool,1,0,0,0,9
44,2,19.350000381,19.35,3,15,13,2,21,17,4,0,0,2,6,7,2,0,0,0,219,1,M,26,1,1,8,7,9,cool,1,0,0,0,9
45,3,19.100000381,19.1,0,14,8,6,16,15,1,0,0,2,8,4,1,0,0,0,173,0,F,27,0,1,1,3,8,cool,1,0,0,0,9
46,3,19.100000381,19.1,3,9,5,4,17,17,0,0,0,6,7,1,2,0,1,0,199,0,F,24,0,0,4,8,7,cool,1,0,0,0,9
47,3,19.100000381,19.1,0,7,7,0,11,11,0,0,0,1,6,4,0,0,0,0,126,1,M,29,0,1,3,5,8,cool,1,0,0,0,9
48,3,19.100000381,19.1,3,22,21,1,23,20,3,0,0,3,8,5,2,2,0,0,271,1,M,26,0,1,9,6,10,cool,1,0,0,0,9
49,3,19.100000381,19.1,3,18,14,4,25,25,0,0,3,10,11,0,1,0,0,0,200,1,M,28,0,1,8,3,7,cool,1,0,0,0,9
50,3,19.100000381,19.1,3,8,5,3,30,25,5,0,0,6,11,8,0,0,0,0,266,1,M,22,0,1,4,9,2,cool,1,0,0,0,9
51,3,19.100000381,19.1,1,19,18,1,23,23,0,0,2,11,6,3,1,0,0,0,198,1,M,32,0,1,10,8,9,cool,1,0,0,0,9
52,3,19.100000381,19.1,3,13,10,3,24,22,2,0,0,7,7,7,1,0,0,0,238,0,F,21,0,1,6,10,5,cool,1,0,0,0,9
53,3,19.100000381,19.1,0,4,3,1,18,18,0,0,2,5,5,4,2,0,0,0,188,1,M,25,0,0,6,9,,cool,1,0,0,0,9
54,3,19.100000381,19.1,3,15,15,0,17,17,0,0,1,3,7,5,1,0,0,0,187,1,M,23,1,1,8,7,8,cool,1,0,0,0,9
55,3,19.100000381,19.1,3,17,14,3,27,25,2,0,1,2,6,9,5,1,1,0,379,1,M,22,1,1,8,9,8,cool,1,0,0,0,9
56,3,19.100000381,19.1,3,10,7,3,19,18,1,0,2,3,8,4,1,0,0,0,185,1,M,25,1,1,5,7,4,cool,1,0,0,0,9
57,3,19.100000381,19.1,2,16,12,4,55,49,5,1,0,10,18,14,7,0,0,0,597,1,M,28,0,0,7,9,8,cool,1,0,0,0,9
58,3,19.100000381,19.1,2,9,7,2,22,21,1,0,3,10,4,3,1,0,0,0,175,1,M,22,0,1,2,3,7,cool,1,0,0,0,9
59,3,19.100000381,19.1,3,8,6,2,22,20,1,1,1,7,7,5,0,0,0,0,190,0,F,27,0,1,7,8,8,cool,1,0,0,0,9
60,3,19.100000381,19.1,3,18,15,3,29,29,0,0,6,8,9,3,3,0,0,0,264,1,M,27,1,1,10,10,10,cool,1,0,0,0,9
61,3,19.100000381,19.1,1,7,7,0,22,22,0,0,1,5,16,0,0,0,0,0,193,0,F,20,1,1,5,5,5,cool,1,0,0,0,9
62,3,19.100000381,19.1,3,10,7,3,9,9,0,0,2,0,4,3,0,0,0,0,91,,.,,,,,,5,cool,1,0,0,0,9
63,3,19.100000381,19.1,1,17,11,6,10,10,0,0,0,1,5,2,2,0,0,0,128,0,F,22,0,0,3,7,8,cool,1,0,0,0,9
64,3,19.100000381,19.1,3,18,15,3,21,21,0,0,0,3,12,5,1,0,0,0,234,0,F,27,1,1,9,8,7,cool,1,0,0,0,9
65,3,19.100000381,19.1,3,13,11,2,14,14,0,0,0,1,7,3,3,0,0,0,184,1,M,22,1,1,10,10,9,cool,1,0,0,0,9
66,3,19.100000381,19.1,3,12,9,3,26,24,2,0,1,10,7,5,0,1,0,0,236,1,M,27,0,1,7,8,7,cool,1,0,0,0,9
67,4,20.25,20.25,2,15,15,0,22,22,0,0,2,6,8,1,4,1,0,0,249,1,M,27,0,1,10,4,8,normal,0,1,0,0,9
68,4,20.25,20.25,3,13,12,1,12,11,1,0,1,3,2,4,1,0,0,0,122,1,M,21,0,0,1,8,4,normal,0,1,0,0,9
69,4,20.25,20.25,3,24,20,4,15,15,0,0,0,6,4,4,1,0,0,0,157,1,M,33,0,1,10,8,6,normal,0,1,0,0,9
70,4,20.25,20.25,3,9,8,1,17,17,0,0,0,4,5,6,2,0,0,0,206,1,M,22,0,1,8,9,7,normal,0,1,0,0,9
71,4,20.25,20.25,2,8,7,1,6,6,0,0,0,4,1,1,0,0,0,0,49,0,F,20,0,0,4,2,6,normal,0,1,0,0,9
72,4,20.25,20.25,3,22,2,20,13,12,1,0,0,0,6,3,3,0,0,0,168,1,M,24,0,0,6,3,4,normal,0,1,0,0,9
73,4,20.25,20.25,0,10,5,5,17,17,0,0,0,3,12,1,0,1,0,0,181,0,F,20,0,0,8,10,10,normal,0,1,0,0,9
74,4,20.25,20.25,3,9,9,0,26,26,0,0,0,3,10,8,4,1,0,0,350,0,F,20,0,1,1,9,10,normal,0,1,0,0,9
75,4,20.25,20.25,3,19,18,1,26,26,0,0,1,5,6,7,6,1,0,0,352,1,M,26,0,1,7,5,7,normal,0,1,0,0,9
76,4,20.25,20.25,3,8,6,2,18,17,1,0,0,3,9,3,1,0,1,0,210,1,M,25,1,1,3,3,5,normal,0,1,0,0,9
77,4,20.25,20.25,0,13,3,10,25,25,0,0,0,4,13,6,2,0,0,0,286,0,F,25,1,1,7,10,9,normal,0,1,0,0,9
78,4,20.25,20.25,2,11,9,2,20,20,0,0,0,7,5,5,3,0,0,0,230,0,F,22,0,1,1,4,10,normal,0,1,0,0,9
79,4,20.25,20.25,0,9,7,2,14,14,0,0,0,1,8,3,2,0,0,0,173,0,F,21,0,1,5,8,8,normal,0,1,0,0,9
80,4,20.25,20.25,2,6,5,1,16,16,0,0,0,10,3,2,1,0,0,0,141,0,F,21,0,1,3,9,7,normal,0,1,0,0,9
81,4,20.25,20.25,2,20,14,6,34,33,1,0,0,3,12,8,9,1,0,0,475,0,F,32,0,1,10,10,7,normal,0,1,0,0,9
82,4,20.25,20.25,3,12,1,11,29,29,0,0,1,7,11,8,2,0,0,0,317,0,F,21,0,1,10,8,7,normal,0,1,0,0,9
83,4,20.25,20.25,3,13,13,0,21,21,0,0,0,3,13,3,2,0,0,0,235,0,F,22,1,1,3,5,4,normal,0,1,0,0,9
84,4,20.25,20.25,3,13,12,1,23,23,0,0,1,6,12,4,0,0,0,0,219,1,M,18,0,1,7,7,7,normal,0,1,0,0,9
85,4,20.25,20.25,1,14,13,1,19,19,0,0,1,7,8,1,1,1,0,0,189,0,F,19,1,1,10,8,10,normal,0,1,0,0,9
86,4,20.25,20.25,3,12,9,3,34,31,2,1,1,9,12,8,1,0,0,0,318,0,F,20,0,1,5,7,7,normal,0,1,0,0,9
87,4,20.25,20.25,1,11,11,0,15,15,0,0,1,5,7,1,1,0,0,0,139,1,M,21,1,1,6,6,6,normal,0,1,0,0,9
88,5,22.350000381,22.35,3,13,5,8,20,20,0,0,1,7,7,5,0,0,0,0,190,1,M,22,1,1,10,1,8,normal,0,1,0,0,9
89,5,22.350000381,22.35,1,6,6,0,25,25,0,0,1,10,9,2,3,0,0,0,246,0,F,30,1,1,3,8,4,normal,0,1,0,0,9
90,5,22.350000381,22.35,1,12,10,2,12,12,0,0,0,4,7,0,1,0,0,0,115,0,F,23,0,1,4,4,10,normal,0,1,0,0,9
91,5,22.350000381,22.35,3,26,25,1,40,38,0,2,2,8,14,12,2,0,0,0,416,1,M,21,0,1,8,8,8,normal,0,1,0,0,9
92,5,22.350000381,22.35,2,8,4,4,15,15,0,0,0,2,6,3,4,0,0,0,201,1,M,19,1,0,3,4,7,normal,0,1,0,0,9
93,5,22.350000381,22.35,3,9,8,1,19,18,1,0,0,3,7,4,3,0,1,0,247,0,F,24,0,1,3,6,8,normal,0,1,0,0,9
94,5,22.350000381,22.35,3,15,9,6,12,11,1,0,0,1,2,3,5,0,0,0,176,1,M,25,0,1,5,8,4,normal,0,1,0,0,9
95,5,22.350000381,22.35,3,8,7,1,28,28,0,0,1,8,12,6,1,0,0,0,282,1,M,28,1,1,9,6,10,normal,0,1,0,0,9
96,5,22.350000381,22.35,2,19,19,0,25,25,0,0,1,6,12,5,1,0,0,0,255,1,M,22,0,1,10,6,7,normal,0,1,0,0,9
97,5,22.350000381,22.35,0,8,7,1,8,7,1,0,2,1,2,1,1,0,0,0,68,0,F,33,0,0,6,9,8,normal,0,1,0,0,9
98,5,22.350000381,22.35,1,17,13,4,42,40,1,1,3,16,9,7,3,0,2,0,435,0,F,26,0,1,6,9,7,normal,0,1,0,0,9
99,5,22.350000381,22.35,3,19,16,3,11,10,1,0,0,5,3,1,1,0,0,0,96,0,F,28,0,0,7,1,6,normal,0,1,0,0,9
100,5,22.350000381,22.35,3,15,12,3,20,20,0,0,0,7,8,2,2,1,0,0,222,0,F,28,1,1,3,10,3,normal,0,1,0,0,9
101,5,22.350000381,22.35,3,13,9,4,35,35,0,0,1,6,17,7,2,2,0,0,412,1,M,21,1,0,5,8,9,normal,0,1,0,0,9
102,5,22.350000381,22.35,3,9,6,3,19,19,0,0,0,4,6,4,5,0,0,0,249,1,M,26,0,1,5,5,6,normal,0,1,0,0,9
103,5,22.350000381,22.35,3,40,38,2,26,24,1,1,5,4,9,5,1,0,0,0,225,1,M,27,0,1,8,4,10,normal,0,1,0,0,9
104,5,22.350000381,22.35,3,16,14,2,16,16,0,0,0,1,9,3,3,0,0,0,204,1,M,22,0,1,10,5,2,normal,0,1,0,0,9
105,5,22.350000381,22.35,3,10,10,0,24,24,0,0,0,8,10,6,0,0,0,0,238,1,M,24,0,1,7,9,7,normal,0,1,0,0,9
106,5,22.350000381,22.35,2,7,6,1,11,10,1,0,0,2,5,2,1,0,0,0,113,1,M,25,0,0,3,5,9,normal,0,1,0,0,9
107,5,22.350000381,22.35,2,16,14,2,22,22,0,0,4,5,10,2,1,0,0,0,193,0,F,26,0,1,8,9,8,normal,0,1,0,0,9
108,5,22.350000381,22.35,3,19,19,0,23,23,0,0,0,12,11,0,0,0,0,0,182,1,M,36,0,0,9,9,5,normal,0,1,0,0,9
109,5,22.350000381,22.35,3,3,3,0,21,21,0,0,2,5,7,5,2,0,0,0,223,1,M,24,1,1,1,8,6,normal,0,1,0,0,9
110,6,24.950000763,24.95,0,12,3,9,20,20,0,0,1,5,7,5,2,0,0,0,220,0,F,25,0,1,3,9,5,normal,0,1,0,0,9
111,6,24.950000763,24.95,2,21,20,1,25,25,0,0,0,9,12,3,1,0,0,0,240,0,F,26,0,0,10,8,6,normal,0,1,0,0,9
112,6,24.950000763,24.95,0,4,2,2,16,16,0,0,2,3,6,4,1,0,0,0,165,0,F,26,0,1,2,6,8,normal,0,1,0,0,9
113,6,24.950000763,24.95,3,13,12,1,26,26,0,0,1,9,9,5,2,0,0,0,264,1,M,28,1,1,3,7,8,normal,0,1,0,0,9
114,6,24.950000763,24.95,1,9,9,0,20,20,0,0,4,10,4,2,0,0,0,0,142,0,F,23,0,1,3,5,6,normal,0,1,0,0,9
115,6,24.950000763,24.95,0,7,6,1,14,13,1,0,0,4,4,4,1,0,0,0,145,1,M,49,,0,8,9,9,normal,0,1,0,0,9
116,6,24.950000763,24.95,0,6,5,1,12,12,0,0,0,1,7,3,1,0,0,0,142,0,F,23,0,1,1,10,10,normal,0,1,0,0,9
117,6,24.950000763,24.95,1,9,7,2,9,9,0,0,0,0,7,2,0,0,0,0,100,1,M,23,0,0,6,6,6,normal,0,1,0,0,9
118,6,24.950000763,24.95,2,13,9,4,36,36,0,0,1,9,10,13,3,0,0,0,415,0,F,29,0,1,5,10,8,normal,0,1,0,0,9
119,6,24.950000763,24.95,0,9,7,2,17,17,0,0,0,4,7,5,1,0,0,0,190,1,M,20,0,0,2,10,6,normal,0,1,0,0,9
120,6,24.950000763,24.95,3,16,15,1,18,18,0,0,0,4,5,7,1,1,0,0,228,0,F,25,0,0,9,9,9,normal,0,1,0,0,9
121,6,24.950000763,24.95,1,11,7,4,26,21,5,0,0,7,11,0,3,0,0,0,215,0,F,24,0,1,10,10,6,normal,0,1,0,0,9
122,6,24.950000763,24.95,2,19,15,4,26,26,0,0,0,8,10,4,4,0,0,0,292,1,M,25,1,1,8,9,9,normal,0,1,0,0,9
123,6,24.950000763,24.95,3,17,15,2,19,19,0,0,0,3,10,4,2,0,0,0,220,1,M,26,0,1,7,5,7,normal,0,1,0,0,9
124,6,24.950000763,24.95,3,17,16,1,33,33,0,0,2,6,13,8,3,1,0,0,383,1,M,22,0,1,9,7,6,normal,0,1,0,0,9
125,6,24.950000763,24.95,2,13,11,2,22,21,1,0,0,2,10,6,2,1,0,0,272,0,F,20,0,1,5,10,8,normal,0,1,0,0,9
126,6,24.950000763,24.95,0,9,9,0,17,17,0,0,0,7,7,3,0,0,0,0,157,0,F,35,0,1,6,6,10,normal,0,1,0,0,9
127,6,24.950000763,24.95,0,9,7,2,34,34,0,0,5,10,10,8,1,0,0,0,316,0,F,27,0,1,2,8,4,normal,0,1,0,0,9
128,6,24.950000763,24.95,3,11,7,4,37,37,0,0,1,4,18,10,3,1,0,0,448,0,F,21,1,1,2,8,2,normal,0,1,0,0,9
129,6,24.950000763,24.95,0,8,7,1,38,36,2,0,5,15,12,3,1,0,0,0,291,0,F,26,0,1,3,9,8,normal,0,1,0,0,9
130,6,24.950000763,24.95,3,18,15,3,20,20,0,0,1,8,7,2,1,1,0,0,200,0,F,21,0,1,10,9,5,normal,0,1,0,0,9
131,6,24.950000763,24.95,2,4,2,2,12,12,0,0,0,4,5,3,0,0,0,0,119,0,F,29,0,1,2,7,2,normal,0,1,0,0,9
132,7,24.629999161,24.63,3,5,5,0,27,27,0,0,1,5,15,5,1,0,0,0,279,0,F,19,0,1,4,8,6,normal,0,1,0,0,9
133,7,24.629999161,24.63,2,15,13,2,30,30,0,0,3,7,12,5,3,0,0,0,309,0,F,34,0,1,9,2,8,normal,0,1,0,0,9
134,7,24.629999161,24.63,3,16,16,0,17,17,0,0,2,4,4,5,2,0,0,0,187,1,M,24,1,1,7,7,5,normal,0,1,0,0,9
135,7,24.629999161,24.63,3,8,6,2,20,20,0,0,0,5,9,3,3,0,0,0,228,1,M,20,1,1,5,7,9,normal,0,1,0,0,9
136,7,24.629999161,24.63,3,17,14,3,25,25,0,0,1,3,14,4,3,0,0,0,284,1,M,23,1,1,9,10,8,normal,0,1,0,0,9
137,7,24.629999161,24.63,3,16,16,0,16,16,0,0,1,1,8,2,4,0,0,0,203,1,M,19,0,1,8,6,4,normal,0,1,0,0,9
138,7,24.629999161,24.63,2,6,4,2,22,20,2,0,4,8,6,1,1,0,0,0,156,1,M,30,0,1,7,3,6,normal,0,1,0,0,9
139,7,24.629999161,24.63,3,10,10,0,12,12,0,0,2,4,5,1,0,0,0,0,95,1,M,17,0,0,6,8,9,normal,0,1,0,0,9
140,7,24.629999161,24.63,3,4,4,0,5,5,0,0,1,3,1,0,0,0,0,0,31,1,M,25,0,1,6,8,8,normal,0,1,0,0,9
141,7,24.629999161,24.63,3,18,17,1,26,26,0,0,2,6,10,6,2,0,0,0,274,1,M,24,0,1,3,3,4,normal,0,1,0,0,9
142,7,24.629999161,24.63,2,14,11,3,35,34,1,0,3,10,16,3,2,0,0,0,316,0,F,19,1,1,3,4,6,normal,0,1,0,0,9
143,7,24.629999161,24.63,3,15,14,1,5,3,2,0,0,0,1,2,0,0,0,0,40,1,M,29,0,0,6,1,7,normal,0,1,0,0,9
144,7,24.629999161,24.63,3,15,14,1,20,20,0,0,0,7,10,2,1,0,0,0,193,0,F,24,1,0,3,4,6,normal,0,1,0,0,9
145,7,24.629999161,24.63,3,16,12,4,10,10,0,0,0,4,3,1,2,0,0,0,111,1,M,19,0,0,8,5,9,normal,0,1,0,0,9
146,7,24.629999161,24.63,3,19,17,2,17,17,0,0,0,5,8,1,2,1,0,0,195,1,M,23,1,1,8,6,10,normal,0,1,0,0,9
147,7,24.629999161,24.63,1,9,7,2,13,13,0,0,0,6,3,3,1,0,0,0,132,0,F,27,0,1,3,7,8,normal,0,1,0,0,9
148,7,24.629999161,24.63,3,10,7,3,21,21,0,0,1,6,9,4,1,0,0,0,210,1,M,21,0,1,5,7,7,normal,0,1,0,0,9
149,7,24.629999161,24.63,3,23,21,2,24,24,0,0,1,6,12,5,0,0,0,0,234,1,M,24,0,0,1,1,5,normal,0,1,0,0,9
150,7,24.629999161,24.63,1,11,11,0,4,4,0,0,0,3,0,0,1,0,0,0,39,1,M,30,0,0,10,8,7,normal,0,1,0,0,9
151,7,24.629999161,24.63,0,17,14,3,20,20,0,0,0,6,9,4,1,0,0,0,207,1,M,24,1,0,7,7,9,normal,0,1,0,0,9
152,7,24.629999161,24.63,3,13,13,0,18,18,0,0,1,6,6,5,0,0,0,0,174,0,F,23,0,1,10,10,4,normal,0,1,0,0,9
153,7,24.629999161,24.63,3,20,14,6,15,15,0,0,0,4,1,6,4,0,0,0,208,0,F,22,1,1,5,5,8,normal,0,1,0,0,9
154,7,24.629999161,24.63,3,9,8,1,12,11,1,0,0,4,6,0,1,0,0,0,105,1,M,19,0,1,9,7,4,normal,0,1,0,0,9
155,7,24.629999161,24.63,3,18,16,2,21,21,0,0,0,4,10,5,2,0,0,0,241,1,M,27,0,1,9,8,9,normal,0,1,0,0,9
156,8,26.329999924,26.33,2,12,8,4,31,31,0,0,2,10,13,3,3,0,0,0,304,0,F,23,1,1,8,8,8,warm,0,0,1,0,9
157,8,26.329999924,26.33,3,19,17,2,29,28,1,0,2,5,12,6,3,0,0,0,309,1,M,20,1,1,7,6,7,warm,0,0,1,0,9
158,8,26.329999924,26.33,2,18,15,3,27,27,0,0,0,7,9,6,4,0,1,0,342,0,F,23,0,1,8,5,8,warm,0,0,1,0,9
159,8,26.329999924,26.33,2,20,18,2,27,25,2,0,0,3,16,4,2,0,0,0,280,1,M,28,0,1,5,8,4,warm,0,0,1,0,9
160,8,26.329999924,26.33,2,10,6,4,22,19,2,1,0,4,7,5,3,0,0,0,232,0,F,20,0,1,1,6,5,warm,0,0,1,0,9
161,8,26.329999924,26.33,2,13,13,0,13,12,1,0,0,1,5,5,0,1,0,0,159,1,M,28,1,0,7,7,5,warm,0,0,1,0,9
162,8,26.329999924,26.33,3,5,3,2,23,20,3,0,0,8,5,4,3,0,0,0,221,1,M,24,0,1,1,5,8,warm,0,0,1,0,9
163,8,26.329999924,26.33,2,15,12,3,34,34,0,0,3,10,14,6,0,1,0,0,327,0,F,19,0,1,8,10,3,warm,0,0,1,0,9
164,8,26.329999924,26.33,2,24,17,7,32,32,0,0,1,9,17,3,2,0,0,0,314,0,F,22,0,1,4,7,9,warm,0,0,1,0,9
165,8,26.329999924,26.33,0,12,9,3,14,13,0,1,0,2,9,1,1,0,0,0,138,0,F,27,0,1,5,6,6,warm,0,0,1,0,9
166,8,26.329999924,26.33,3,10,9,1,17,17,0,0,0,4,7,3,3,0,0,0,202,1,M,26,1,1,10,7,7,warm,0,0,1,0,9
167,8,26.329999924,26.33,3,11,9,2,22,22,0,0,2,6,7,7,0,0,0,0,217,0,F,23,,1,5,10,5,warm,0,0,1,0,9
168,8,26.329999924,26.33,2,26,26,0,7,7,0,0,0,1,4,1,1,0,0,0,82,1,M,23,0,0,7,3,8,warm,0,0,1,0,9
169,8,26.329999924,26.33,3,23,21,2,29,29,0,0,0,2,19,7,1,0,0,0,328,1,M,20,0,1,10,10,8,warm,0,0,1,0,9
170,8,26.329999924,26.33,3,12,11,1,24,24,0,0,2,8,10,4,0,0,0,0,214,1,M,20,0,1,3,8,3,warm,0,0,1,0,9
171,8,26.329999924,26.33,3,9,6,3,16,16,0,0,1,3,5,5,2,0,0,0,188,1,M,25,0,1,2,3,9,warm,0,0,1,0,9
172,8,26.329999924,26.33,3,8,6,2,21,20,1,0,2,4,8,3,3,0,0,0,218,0,F,23,0,0,1,9,8,warm,0,0,1,0,9
173,8,26.329999924,26.33,3,13,12,1,21,21,0,0,4,9,7,1,0,0,0,0,151,1,M,22,1,1,9,8,6,warm,0,0,1,0,9
174,8,26.329999924,26.33,3,7,7,0,23,23,0,0,0,3,12,5,2,1,0,0,283,1,M,22,0,1,1,10,7,warm,0,0,1,0,9
175,8,26.329999924,26.33,2,12,10,2,25,25,0,0,1,6,14,4,0,0,0,0,239,0,F,32,0,1,3,10,7,warm,0,0,1,0,9
176,8,26.329999924,26.33,1,12,11,1,19,18,1,0,1,9,6,1,1,0,0,0,153,1,M,27,0,1,9,8,7,warm,0,0,1,0,9
177,8,26.329999924,26.33,0,9,8,1,19,19,0,0,2,2,10,5,0,0,0,0,193,0,F,27,1,1,6,7,9,warm,0,0,1,0,9
178,8,26.329999924,26.33,2,15,12,3,22,20,2,0,0,3,9,5,3,0,0,0,246,1,M,45,0,1,8,5,8,warm,0,0,1,0,9
179,8,26.329999924,26.33,3,7,7,0,15,14,1,0,1,2,5,6,0,0,0,0,155,1,M,27,0,1,6,9,7,warm,0,0,1,0,9
180,9,31.5,31.5,0,6,6,0,10,7,3,0,1,2,4,0,0,0,0,0,55,0,F,23,1,0,3,3,8,hot,0,0,0,1,9
181,9,31.5,31.5,2,27,24,3,18,18,0,0,1,0,6,6,5,0,0,0,258,0,F,24,0,1,10,10,8,hot,0,0,0,1,9
182,9,31.5,31.5,1,6,4,2,16,16,0,0,3,5,5,2,1,0,0,0,140,0,F,22,0,0,2,8,5,hot,0,0,0,1,9
183,9,31.5,31.5,3,12,9,3,27,27,0,0,2,13,7,5,0,0,0,0,229,0,F,19,1,0,5,9,8,hot,0,0,0,1,9
184,9,31.5,31.5,3,21,20,1,52,47,4,1,2,11,13,17,4,0,0,0,541,1,M,27,0,1,8,10,3,hot,0,0,0,1,9
185,9,31.5,31.5,3,20,17,3,38,37,1,0,0,10,10,9,7,1,0,0,470,1,M,29,0,1,9,8,5,hot,0,0,0,1,9
186,9,31.5,31.5,2,13,10,3,36,34,2,0,2,10,15,5,0,1,1,0,355,0,F,20,0,1,8,10,6,hot,0,0,0,1,9
187,9,31.5,31.5,3,16,16,0,19,19,0,0,3,1,6,5,1,2,1,0,263,1,M,21,0,1,7,10,9,hot,0,0,0,1,9
188,9,31.5,31.5,1,9,7,2,14,14,0,0,0,5,5,3,1,0,0,0,146,1,M,31,0,1,6,8,8,hot,0,0,0,1,9
189,9,31.5,31.5,3,32,0,32,12,11,1,0,0,0,7,3,1,0,0,0,136,1,M,20,0,1,10,8,10,hot,0,0,0,1,9
190,9,31.5,31.5,2,15,15,0,16,15,1,0,0,4,9,0,2,0,0,0,156,0,F,25,0,1,7,3,3,hot,0,0,0,1,9
191,9,31.5,31.5,1,14,6,8,38,36,0,2,3,13,16,3,1,0,0,0,313,0,F,43,1,1,8,8,4,hot,0,0,0,1,9
192,9,31.5,31.5,3,17,15,2,23,23,0,0,2,11,7,2,1,0,0,0,193,0,F,21,0,1,9,10,8,hot,0,0,0,1,9
193,9,31.5,31.5,3,13,13,0,12,12,0,0,0,0,7,5,0,0,0,0,145,1,M,22,1,1,9,3,4,hot,0,0,0,1,9
194,9,31.5,31.5,3,7,7,0,25,17,7,1,2,6,5,4,0,0,0,0,152,0,F,26,0,1,10,10,5,hot,0,0,0,1,9
195,9,31.5,31.5,3,11,11,0,21,20,1,0,1,8,5,4,1,0,1,0,218,1,M,28,1,1,8,6,10,hot,0,0,0,1,9
196,9,31.5,31.5,1,19,14,5,38,35,3,0,1,12,16,3,3,0,0,0,343,0,F,27,0,1,5,7,6,hot,0,0,0,1,9
197,9,31.5,31.5,3,16,15,1,27,25,2,0,1,8,13,1,2,0,0,0,238,0,F,23,1,1,7,8,6,hot,0,0,0,1,9
198,9,31.5,31.5,2,7,7,0,6,6,0,0,1,1,3,0,0,1,0,0,67,1,M,20,1,1,8,7,9,hot,0,0,0,1,9
199,9,31.5,31.5,2,4,4,0,6,6,0,0,0,0,3,2,0,1,0,0,88,1,M,42,0,1,1,2,5,hot,0,0,0,1,9
200,9,31.5,31.5,2,12,12,0,20,20,0,0,0,5,8,5,2,0,0,0,227,0,F,21,0,1,4,6,8,hot,0,0,0,1,9
201,9,31.5,31.5,3,13,13,0,29,25,4,0,4,8,12,1,0,0,0,0,195,1,M,22,0,1,7,4,8,hot,0,0,0,1,9
202,10,30.299999237,30.3,3,13,12,1,26,26,0,0,2,8,13,2,1,0,0,0,235,0,F,25,1,1,4,6,7,hot,0,0,0,1,9
203,10,30.299999237,30.3,3,17,14,3,22,22,0,0,1,5,12,2,2,0,0,0,225,0,F,26,1,1,8,10,7,hot,0,0,0,1,9
204,10,30.299999237,30.3,0,6,1,5,11,11,0,0,0,2,5,1,3,0,0,0,140,0,F,30,0,0,1,8,9,hot,0,0,0,1,9
205,10,30.299999237,30.3,3,7,7,0,24,24,0,0,1,11,5,7,0,0,0,0,224,1,M,22,0,1,3,6,5,hot,0,0,0,1,9
206,10,30.299999237,30.3,3,16,12,4,18,17,1,0,0,0,5,5,4,2,1,0,301,0,F,24,1,1,10,10,9,hot,0,0,0,1,9
207,10,30.299999237,30.3,3,19,16,3,27,27,0,0,0,2,13,7,4,1,0,0,359,0,F,23,1,1,8,8,10,hot,0,0,0,1,9
208,10,30.299999237,30.3,3,12,10,2,18,18,0,0,1,4,9,2,2,0,0,0,189,0,F,27,0,1,7,7,4,hot,0,0,0,1,9
209,10,30.299999237,30.3,3,29,26,3,18,18,0,0,0,5,4,6,2,1,0,0,230,1,M,26,0,0,10,8,8,hot,0,0,0,1,9
210,10,30.299999237,30.3,3,10,10,0,12,12,0,0,1,7,2,0,2,0,0,0,107,0,F,24,1,0,9,8,8,hot,0,0,0,1,9
211,10,30.299999237,30.3,2,4,3,1,13,12,1,0,3,3,3,2,1,0,0,0,108,1,M,23,0,0,7,8,10,hot,0,0,0,1,9
212,10,30.299999237,30.3,3,21,21,0,33,33,0,0,0,9,12,8,4,0,0,0,378,1,M,21,1,1,10,10,8,hot,0,0,0,1,9
213,10,30.299999237,30.3,2,16,13,3,19,19,0,0,0,5,7,5,2,0,0,0,217,1,M,20,1,1,8,10,10,hot,0,0,0,1,9
214,10,30.299999237,30.3,2,16,11,5,23,23,0,0,0,5,12,3,3,0,0,0,258,1,M,24,1,0,9,8,7,hot,0,0,0,1,9
215,10,30.299999237,30.3,1,12,7,5,15,15,0,0,2,7,4,0,2,0,0,0,130,1,M,22,0,1,6,6,10,hot,0,0,0,1,9
216,10,30.299999237,30.3,3,15,10,5,24,24,0,0,1,3,10,8,2,0,0,0,283,1,M,22,0,1,6,9,9,hot,0,0,0,1,9
217,10,30.299999237,30.3,3,9,8,1,24,22,1,1,0,8,8,4,1,0,1,0,245,1,M,30,0,1,8,9,3,hot,0,0,0,1,9
218,10,30.299999237,30.3,3,16,13,3,31,31,0,0,2,8,12,4,4,1,0,0,346,1,M,23,0,1,6,8,7,hot,0,0,0,1,9
219,10,30.299999237,30.3,3,13,12,1,33,33,0,0,0,9,12,6,6,0,0,0,390,0,F,27,1,1,7,8,10,hot,0,0,0,1,9
220,10,30.299999237,30.3,0,12,10,2,20,20,0,0,0,10,5,3,2,0,0,0,197,0,F,33,1,1,3,8,5,hot,0,0,0,1,9
221,10,30.299999237,30.3,3,9,9,0,14,14,0,0,0,2,9,3,0,0,0,0,147,1,M,28,1,0,10,6,9,hot,0,0,0,1,9
222,10,30.299999237,30.3,3,7,4,3,13,12,1,0,1,4,2,1,3,0,1,0,161,0,F,38,0,1,7,8,10,hot,0,0,0,1,9
223,10,30.299999237,30.3,0,14,11,3,24,24,0,0,1,7,9,4,3,0,0,0,258,1,M,29,0,1,2,9,8,hot,0,0,0,1,9
224,10,30.299999237,30.3,3,23,22,1,42,42,0,0,1,5,4,4,15,10,3,0,836,1,M,20,1,1,10,10,8,hot,0,0,0,1,9
225,11,31.670000076,31.67,3,7,5,2,25,25,0,0,2,9,9,4,1,0,0,0,231,1,M,27,1,1,7,4,9,hot,0,0,0,1,9
226,11,31.670000076,31.67,1,17,14,3,22,22,0,0,1,5,10,3,3,0,0,0,241,0,F,25,0,1,7,5,10,hot,0,0,0,1,9
227,11,31.670000076,31.67,0,6,6,0,17,17,0,0,4,4,4,3,1,1,0,0,170,1,M,19,1,0,4,10,8,hot,0,0,0,1,9
228,11,31.670000076,31.67,3,12,10,2,14,11,3,0,1,4,4,2,0,0,0,0,97,1,M,33,0,1,5,4,5,hot,0,0,0,1,9
229,11,31.670000076,31.67,3,11,3,8,22,22,0,0,1,6,9,5,1,0,0,0,225,0,F,28,0,1,5,8,8,hot,0,0,0,1,9
230,11,31.670000076,31.67,1,7,5,2,19,19,0,0,0,2,7,7,1,2,0,0,264,0,F,29,1,1,5,8,10,hot,0,0,0,1,9
231,11,31.670000076,31.67,2,26,22,4,23,22,1,0,0,4,10,4,4,0,0,0,268,1,M,19,1,0,8,6,8,hot,0,0,0,1,9
232,11,31.670000076,31.67,0,13,10,3,32,32,0,0,0,7,19,3,3,0,0,0,340,1,M,27,0,1,6,7,2,hot,0,0,0,1,9
233,11,31.670000076,31.67,0,12,12,0,19,19,0,0,1,5,5,3,5,0,0,0,233,0,F,21,1,1,8,10,10,hot,0,0,0,1,9
234,11,31.670000076,31.67,3,20,19,1,39,38,1,0,4,21,9,3,1,0,0,0,294,0,F,28,1,1,7,7,8,hot,0,0,0,1,9
235,11,31.670000076,31.67,3,15,14,1,15,15,0,0,0,6,5,2,2,0,0,0,158,0,F,21,1,0,5,8,7,hot,0,0,0,1,9
236,11,31.670000076,31.67,2,6,4,2,17,17,0,0,3,5,5,2,2,0,0,0,161,1,M,25,0,0,7,9,9,hot,0,0,0,1,9
237,11,31.670000076,31.67,3,7,7,0,10,10,0,0,2,2,4,0,2,0,0,0,100,1,M,19,0,0,7,4,8,hot,0,0,0,1,9
238,11,31.670000076,31.67,0,10,10,0,18,18,0,0,0,3,7,3,5,0,0,0,238,0,F,20,1,0,10,10,10,hot,0,0,0,1,9
239,11,31.670000076,31.67,3,29,28,1,31,30,0,1,0,9,11,6,3,1,0,0,345,1,M,26,0,1,10,10,2,hot,0,0,0,1,9
240,11,31.670000076,31.67,3,23,22,1,18,18,0,0,2,5,9,1,1,0,0,0,162,1,M,19,1,1,6,8,2,hot,0,0,0,1,9
241,11,31.670000076,31.67,3,5,5,0,16,16,0,0,0,3,11,1,1,0,0,0,164,1,M,27,1,1,2,10,10,hot,0,0,0,1,9
242,11,31.670000076,31.67,3,32,24,8,42,42,0,0,0,15,13,11,3,0,0,0,448,1,M,26,0,1,8,9,6,hot,0,0,0,1,9
243,11,31.670000076,31.67,3,13,9,4,26,25,1,0,1,2,7,5,9,1,0,0,377,0,F,29,1,1,7,6,9,hot,0,0,0,1,9
244,11,31.670000076,31.67,3,5,0,5,18,18,0,0,2,3,7,4,2,0,0,0,196,1,M,23,0,1,1,8,7,hot,0,0,0,1,9
245,11,31.670000076,31.67,2,7,6,1,17,15,2,0,3,8,3,0,1,0,0,0,108,0,F,22,0,0,2,4,8,hot,0,0,0,1,9
246,11,31.670000076,31.67,3,13,12,1,18,17,1,0,0,7,6,2,1,0,1,0,189,1,M,24,1,1,5,7,8,hot,0,0,0,1,9
247,11,31.670000076,31.67,2,7,5,2,22,22,0,0,0,11,5,2,4,0,0,0,230,1,M,26,0,0,4,8,4,hot,0,0,0,1,9
248,11,31.670000076,31.67,2,10,6,4,13,13,0,0,2,4,5,2,0,0,0,0,110,0,F,31,0,0,9,9,8,hot,0,0,0,1,9
249,12,32.569999695,32.57,3,13,12,1,24,24,0,0,1,6,10,6,1,0,0,0,250,0,F,24,0,1,9,7,6,hot,0,0,0,1,9
250,12,32.569999695,32.57,2,13,9,4,16,15,1,0,1,3,7,3,1,0,0,0,157,1,M,22,0,1,5,5,5,hot,0,0,0,1,9
251,12,32.569999695,32.57,2,11,9,2,15,15,0,0,0,4,4,6,0,1,0,0,182,0,F,26,0,1,1,7,3,hot,0,0,0,1,9
252,12,32.569999695,32.57,3,13,12,1,28,28,0,0,2,10,12,4,0,0,0,0,246,1,M,37,0,1,5,4,5,hot,0,0,0,1,9
253,12,32.569999695,32.57,2,10,6,4,23,23,0,0,0,3,7,9,4,0,0,0,307,0,F,27,0,1,1,8,5,hot,0,0,0,1,9
254,12,32.569999695,32.57,3,8,7,1,24,24,0,0,0,8,11,5,0,0,0,0,233,1,M,20,1,1,5,10,7,hot,0,0,0,1,9
255,12,32.569999695,32.57,2,19,17,2,34,34,0,0,1,3,14,6,7,3,0,0,482,0,F,31,0,1,7,10,7,hot,0,0,0,1,9
256,12,32.569999695,32.57,2,16,15,1,32,31,1,0,0,2,12,11,5,0,1,0,438,0,F,26,0,1,8,10,8,hot,0,0,0,1,9
257,12,32.569999695,32.57,1,5,5,0,24,24,0,0,2,11,9,0,2,0,0,0,204,1,M,28,0,1,1,3,9,hot,0,0,0,1,9
258,12,32.569999695,32.57,3,15,9,6,46,46,0,0,3,13,18,9,3,0,0,0,465,0,F,22,0,1,2,10,10,hot,0,0,0,1,9
259,12,32.569999695,32.57,3,6,5,1,27,27,0,0,1,9,9,6,2,0,0,0,279,0,F,27,0,1,1,8,8,hot,0,0,0,1,9
260,12,32.569999695,32.57,0,12,11,2,19,19,0,0,1,7,9,1,1,0,0,0,171,0,F,23,1,1,3,8,8,hot,0,0,0,1,9
261,12,32.569999695,32.57,1,11,10,1,15,15,0,0,0,4,7,3,1,0,0,0,160,0,F,31,0,1,2,2,8,hot,0,0,0,1,9
262,12,32.569999695,32.57,3,29,25,4,33,33,0,0,0,5,25,3,0,0,0,0,325,1,M,22,0,1,7,8,10,hot,0,0,0,1,9
263,13,17.100000381,17.1,0,16,13,3,17,16,0,1,1,4,7,4,0,0,0,0,157,1,M,43,1,1,10,10,10,cool,1,0,0,0,11
264,13,17.100000381,17.1,3,24,23,1,34,34,0,0,6,9,10,6,3,0,0,0,325,1,M,19,1,1,7,10,9,cool,1,0,0,0,11
265,13,17.100000381,17.1,3,15,13,2,23,23,0,0,3,10,9,0,1,0,0,0,180,1,M,21,1,1,10,8,8,cool,1,0,0,0,11
266,13,17.100000381,17.1,3,15,13,2,32,32,0,0,1,17,7,5,2,0,0,0,292,1,M,25,1,1,7,4,7,cool,1,0,0,0,11
267,13,17.100000381,17.1,1,18,14,4,25,25,0,0,2,4,12,4,3,0,0,0,273,0,F,27,0,1,3,9,8,cool,1,0,0,0,11
268,13,17.100000381,17.1,0,7,5,2,16,15,1,0,2,5,6,1,1,0,0,0,132,0,F,26,0,0,9,10,10,cool,1,0,0,0,11
269,13,17.100000381,17.1,1,10,10,0,23,23,0,0,1,2,7,8,5,0,0,0,310,0,F,26,0,1,8,10,2,cool,1,0,0,0,11
270,13,17.100000381,17.1,3,6,6,0,29,29,0,0,4,11,12,1,1,0,0,0,234,0,F,31,0,1,1,8,2,cool,1,0,0,0,11
271,13,17.100000381,17.1,3,8,8,0,11,11,0,0,0,2,2,4,3,0,0,0,155,1,M,30,1,1,8,8,8,cool,1,0,0,0,11
272,13,17.100000381,17.1,1,17,13,4,26,26,0,0,3,4,9,8,1,1,0,0,292,1,M,26,1,0,5,8,7,cool,1,0,0,0,11
273,13,17.100000381,17.1,3,11,8,3,16,16,0,0,0,9,5,2,0,0,0,0,134,1,M,25,1,1,1,1,3,cool,1,0,0,0,11
274,13,17.100000381,17.1,0,9,9,0,24,24,0,0,1,4,10,6,2,0,1,0,295,1,M,23,0,1,2,8,7,cool,1,0,0,0,11
275,13,17.100000381,17.1,1,5,4,1,22,21,1,0,1,9,6,5,0,0,0,0,192,1,M,26,1,1,3,8,9,cool,1,0,0,0,11
276,13,17.100000381,17.1,3,18,16,2,25,25,0,0,2,8,4,5,6,0,0,0,295,1,M,28,0,0,2,3,7,cool,1,0,0,0,11
277,13,17.100000381,17.1,3,9,6,3,28,28,0,0,1,7,10,4,6,0,0,0,331,0,F,23,1,1,7,4,10,cool,1,0,0,0,11
278,13,17.100000381,17.1,3,5,2,3,17,17,0,0,3,9,4,1,0,0,0,0,118,1,M,21,1,1,3,6,6,cool,1,0,0,0,11
279,13,17.100000381,17.1,3,22,20,2,26,26,0,0,1,8,12,4,1,0,0,0,252,1,M,22,0,1,10,10,4,cool,1,0,0,0,11
280,13,17.100000381,17.1,3,10,7,3,16,16,0,0,1,5,4,4,2,0,0,0,175,1,M,20,0,1,2,7,5,cool,1,0,0,0,11
281,13,17.100000381,17.1,1,38,29,9,11,11,0,0,0,2,8,1,0,0,0,0,107,1,M,26,0,1,8,7,8,cool,1,0,0,0,11
282,13,17.100000381,17.1,2,6,5,1,26,26,0,0,1,11,10,3,1,0,0,0,235,0,F,20,1,1,2,4,9,cool,1,0,0,0,11
283,13,17.100000381,17.1,0,8,4,4,21,20,1,0,0,3,11,5,0,0,1,0,239,1,M,30,1,1,1,8,5,cool,1,0,0,0,11
284,13,17.100000381,17.1,2,18,18,0,23,23,0,0,2,11,6,1,3,0,0,0,210,1,M,18,0,0,8,8,8,cool,1,0,0,0,11
285,13,17.100000381,17.1,2,9,9,0,13,13,0,0,4,1,5,2,1,0,0,0,119,1,M,20,0,1,6,2,7,cool,1,0,0,0,11
286,13,17.100000381,17.1,1,16,13,3,25,25,0,0,1,7,12,5,0,0,0,0,240,0,F,25,1,1,5,10,10,cool,1,0,0,0,11
287,13,17.100000381,17.1,3,13,12,1,20,20,0,0,2,7,6,1,4,0,0,0,207,0,F,19,0,0,10,9,10,cool,1,0,0,0,11
288,14,27.790000916,27.79,3,19,16,3,24,24,0,0,2,10,8,4,0,0,0,0,206,1,M,23,0,1,4,8,6,warm,0,0,1,0,11
289,14,27.790000916,27.79,3,12,7,5,14,14,0,0,0,4,5,3,2,0,0,0,161,1,M,26,1,1,2,2,7,warm,0,0,1,0,11
290,14,27.790000916,27.79,2,11,8,3,16,16,0,0,1,2,9,1,2,0,1,0,198,1,M,24,1,1,5,8,7,warm,0,0,1,0,11
291,14,27.790000916,27.79,1,22,21,1,23,23,0,0,1,8,9,0,5,0,0,0,246,1,M,20,1,1,8,8,9,warm,0,0,1,0,11
292,14,27.790000916,27.79,3,21,17,4,13,13,0,0,0,8,3,1,0,1,0,0,121,0,F,25,1,0,10,8,10,warm,0,0,1,0,11
293,14,27.790000916,27.79,2,10,9,1,12,12,0,0,3,5,3,1,0,0,0,0,84,1,M,28,1,1,7,5,8,warm,0,0,1,0,11
294,14,27.790000916,27.79,2,30,18,12,22,22,0,0,4,10,5,3,0,0,0,0,167,1,M,20,1,1,2,2,9,warm,0,0,1,0,11
295,14,27.790000916,27.79,3,19,19,0,11,11,0,0,1,0,4,5,1,0,0,0,139,1,M,19,0,1,8,7,8,warm,0,0,1,0,11
296,14,27.790000916,27.79,2,18,16,2,40,40,0,0,1,11,16,7,5,0,0,0,439,0,F,22,0,1,9,10,7,warm,0,0,1,0,11
297,14,27.790000916,27.79,3,6,5,1,18,18,0,0,2,7,5,3,1,0,0,0,164,1,M,18,1,1,2,9,9,warm,0,0,1,0,11
298,14,27.790000916,27.79,1,7,6,1,10,10,0,0,1,2,4,3,0,0,0,0,100,0,F,22,1,0,4,7,7,warm,0,0,1,0,11
299,14,27.790000916,27.79,1,9,6,3,21,21,0,0,0,5,7,6,3,0,0,0,253,1,M,24,1,1,3,8,8,warm,0,0,1,0,11
300,14,27.790000916,27.79,3,11,10,1,32,32,0,0,0,1,20,9,2,0,0,0,383,0,F,34,0,1,2,3,4,warm,0,0,1,0,11
301,14,27.790000916,27.79,1,12,11,1,21,21,0,0,0,8,9,2,2,0,0,0,210,1,M,35,0,1,4,8,8,warm,0,0,1,0,11
302,14,27.790000916,27.79,3,16,15,1,29,29,0,0,2,8,13,1,5,0,0,0,304,0,F,19,1,1,9,9,7,warm,0,0,1,0,11
303,14,27.790000916,27.79,2,7,6,1,27,27,0,0,5,10,9,3,0,0,0,0,210,1,M,29,0,1,2,5,7,warm,0,0,1,0,11
304,14,27.790000916,27.79,3,17,15,2,5,4,1,0,1,0,0,2,1,0,0,0,54,1,M,26,1,0,8,7,9,warm,0,0,1,0,11
305,14,27.790000916,27.79,2,11,9,2,10,10,0,0,0,2,3,4,1,0,0,0,123,0,F,23,0,0,10,7,8,warm,0,0,1,0,11
306,14,27.790000916,27.79,2,22,20,2,17,17,0,0,1,1,9,3,2,0,1,0,222,1,M,18,1,1,8,7,6,warm,0,0,1,0,11
307,14,27.790000916,27.79,0,11,8,3,22,22,0,0,0,5,7,9,1,0,0,0,256,0,F,21,0,1,5,8,7,warm,0,0,1,0,11
308,14,27.790000916,27.79,3,14,11,3,20,20,0,0,0,2,7,6,4,1,0,0,284,0,F,20,0,1,8,9,7,warm,0,0,1,0,11
309,14,27.790000916,27.79,3,15,15,0,25,25,0,0,1,6,12,4,2,0,0,0,261,0,F,19,1,1,9,9,5,warm,0,0,1,0,11
310,14,27.790000916,27.79,3,6,6,0,15,15,0,0,1,4,5,3,2,0,0,0,164,1,M,27,0,1,2,8,4,warm,0,0,1,0,11
311,15,28.260000229,28.26,3,12,10,2,19,19,0,0,1,3,7,3,3,2,0,0,255,1,M,19,1,1,4,10,10,warm,0,0,1,0,11
312,15,28.260000229,28.26,2,9,7,2,17,17,0,0,0,6,8,2,1,0,0,0,167,0,F,29,0,1,6,7,9,warm,0,0,1,0,11
313,15,28.260000229,28.26,2,5,3,2,11,11,0,0,1,4,5,1,0,0,0,0,92,1,M,18,0,1,8,6,8,warm,0,0,1,0,11
314,15,28.260000229,28.26,3,9,7,2,19,18,1,0,1,4,9,1,3,0,0,0,195,1,M,19,0,0,7,10,7,warm,0,0,1,0,11
315,15,28.260000229,28.26,1,15,11,4,26,26,0,0,1,3,9,6,6,1,0,0,355,1,M,21,0,1,9,9,9,warm,0,0,1,0,11
316,15,28.260000229,28.26,2,4,1,3,10,10,0,0,0,5,5,0,0,0,0,0,80,1,M,17,0,1,2,5,9,warm,0,0,1,0,11
317,15,28.260000229,28.26,1,11,8,3,23,23,0,0,0,4,14,3,2,0,0,0,251,1,M,18,0,1,8,8,10,warm,0,0,1,0,11
318,15,28.260000229,28.26,1,6,5,1,15,15,0,0,1,4,6,2,2,0,0,0,159,1,M,24,1,1,1,4,10,warm,0,0,1,0,11
319,15,28.260000229,28.26,2,11,5,6,18,18,0,0,1,5,10,2,0,0,0,0,163,1,M,23,0,1,9,10,10,warm,0,0,1,0,11
320,15,28.260000229,28.26,3,12,10,2,39,39,0,0,2,10,11,11,5,0,0,0,446,1,M,27,0,1,10,9,8,warm,0,0,1,0,11
321,15,28.260000229,28.26,1,12,12,0,8,8,0,0,0,3,4,0,1,0,0,0,79,0,F,30,0,0,2,5,8,warm,0,0,1,0,11
322,15,28.260000229,28.26,0,13,11,2,22,21,1,0,1,3,9,5,3,0,0,0,249,0,F,19,0,0,10,10,10,warm,0,0,1,0,11
323,15,28.260000229,28.26,3,19,18,1,24,24,0,0,0,10,6,4,3,1,0,0,271,1,M,27,0,1,9,7,6,warm,0,0,1,0,11
324,15,28.260000229,28.26,2,7,6,1,11,11,0,0,1,2,5,1,1,1,0,0,129,1,M,28,0,1,3,3,10,warm,0,0,1,0,11
325,15,28.260000229,28.26,3,6,4,2,18,16,2,0,0,0,8,4,2,0,2,0,254,1,M,19,1,1,1,8,4,warm,0,0,1,0,11
326,15,28.260000229,28.26,3,10,8,2,20,20,0,0,1,2,8,5,4,0,0,0,254,1,M,24,1,1,3,9,7,warm,0,0,1,0,11
327,15,28.260000229,28.26,3,8,6,2,13,13,0,0,0,3,5,3,2,0,0,0,155,1,M,24,0,1,6,9,10,warm,0,0,1,0,11
328,15,28.260000229,28.26,0,7,5,2,14,14,0,0,1,1,5,4,3,0,0,0,182,0,F,41,0,1,6,10,5,warm,0,0,1,0,11
329,15,28.260000229,28.26,3,8,8,0,13,13,0,0,0,2,5,4,2,0,0,0,164,1,M,18,0,1,6,8,5,warm,0,0,1,0,11
330,15,28.260000229,28.26,0,13,10,3,13,13,0,0,1,1,7,2,2,0,0,0,151,0,F,26,1,0,7,10,2,warm,0,0,1,0,11
331,15,28.260000229,28.26,0,13,13,0,21,21,0,0,1,9,9,1,1,0,0,0,183,0,F,28,1,1,3,8,8,warm,0,0,1,0,11
332,15,28.260000229,28.26,2,15,14,1,18,18,0,0,2,4,8,1,3,0,0,0,188,1,M,23,1,1,7,10,8,warm,0,0,1,0,11
333,15,28.260000229,28.26,3,12,7,5,10,10,0,0,0,4,4,2,0,0,0,0,94,1,M,20,1,0,4,6,6,warm,0,0,1,0,11
334,15,28.260000229,28.26,3,16,13,3,20,20,0,0,1,1,9,7,2,0,0,0,246,1,M,21,1,1,4,6,8,warm,0,0,1,0,11
335,16,20,20,3,11,8,3,10,9,1,0,1,3,3,1,1,0,0,0,87,0,F,22,1,0,7,7,10,normal,0,1,0,0,11
336,16,20,20,3,13,9,4,25,25,0,0,0,1,14,7,3,0,0,0,314,1,M,26,1,1,7,6,7,normal,0,1,0,0,11
337,16,20,20,3,14,12,2,23,19,3,1,0,6,5,5,3,0,0,0,224,1,M,21,1,1,8,7,7,normal,0,1,0,0,11
338,16,20,20,3,6,4,2,31,29,2,0,1,7,12,6,3,0,0,0,318,1,M,28,0,1,3,10,4,normal,0,1,0,0,11
339,16,20,20,3,9,9,0,19,17,2,0,1,4,4,5,3,0,0,0,205,0,F,21,1,1,1,9,10,normal,0,1,0,0,11
340,16,20,20,3,15,15,0,32,32,0,0,4,7,11,7,2,0,1,0,347,1,M,27,0,1,8,8,6,normal,0,1,0,0,11
341,16,20,20,2,12,11,1,17,12,5,0,0,2,5,1,3,1,0,0,168,1,M,26,1,1,10,10,5,normal,0,1,0,0,11
342,16,20,20,3,10,7,3,28,28,0,0,2,6,12,7,1,0,0,0,288,0,F,34,0,1,8,10,8,normal,0,1,0,0,11
343,16,20,20,3,6,6,0,18,18,0,0,2,6,8,2,0,0,0,0,152,0,F,20,1,1,1,7,8,normal,0,1,0,0,11
344,16,20,20,2,20,15,5,28,28,0,0,1,5,7,13,1,0,1,0,355,0,F,19,1,1,6,6,5,normal,0,1,0,0,11
345,16,20,20,2,10,9,1,26,26,0,0,2,8,9,4,2,1,0,0,274,1,M,27,1,1,3,7,10,normal,0,1,0,0,11
346,16,20,20,3,20,16,4,15,15,0,0,1,1,5,5,1,1,1,0,219,1,M,28,0,1,6,4,3,normal,0,1,0,0,11
347,16,20,20,3,12,11,1,25,25,0,0,0,6,14,3,2,0,0,0,263,1,M,30,0,1,7,8,7,normal,0,1,0,0,11
348,16,20,20,0,12,6,6,16,12,4,0,1,4,5,1,1,0,0,0,113,0,F,30,0,0,10,5,5,normal,0,1,0,0,11
349,16,20,20,0,7,4,3,6,6,0,0,0,2,1,1,1,0,1,0,94,1,M,52,0,1,8,7,10,normal,0,1,0,0,11
350,16,20,20,2,4,3,1,17,17,0,0,1,5,7,2,2,0,0,0,175,1,M,26,0,1,1,9,10,normal,0,1,0,0,11
351,16,20,20,3,11,7,4,16,15,1,0,0,3,4,3,4,1,0,0,215,1,M,20,0,1,4,8,7,normal,0,1,0,0,11
352,16,20,20,1,7,6,1,10,10,0,0,0,0,3,4,3,0,0,0,153,0,F,25,0,0,2,4,7,normal,0,1,0,0,11
353,16,20,20,0,7,6,1,11,11,0,0,0,6,4,1,0,0,0,0,91,1,M,55,,1,8,10,5,normal,0,1,0,0,11
354,16,20,20,1,8,7,1,10,10,0,0,0,1,4,4,1,0,0,0,127,0,F,22,0,0,6,7,8,normal,0,1,0,0,11
355,16,20,20,2,6,5,1,12,12,0,0,0,1,5,2,3,0,1,0,185,0,F,27,0,1,3,4,5,normal,0,1,0,0,11
356,17,24.479999542,24.48,3,18,16,2,28,28,0,0,0,7,12,7,2,0,0,0,309,1,M,26,0,1,6,6,5,normal,0,1,0,0,11
357,17,24.479999542,24.48,3,6,6,0,8,8,0,0,0,2,3,2,0,0,1,0,108,1,M,21,1,1,9,9,9,normal,0,1,0,0,11
358,17,24.479999542,24.48,3,15,13,2,18,18,0,0,3,4,8,3,0,0,0,0,158,1,M,37,0,1,7,6,8,normal,0,1,0,0,11
359,17,24.479999542,24.48,3,10,8,2,28,27,1,0,0,13,9,4,1,0,0,0,249,0,F,21,0,1,7,8,8,normal,0,1,0,0,11
360,17,24.479999542,24.48,3,11,8,3,29,28,1,0,0,6,16,4,1,0,1,0,313,1,M,22,0,0,6,7,10,normal,0,1,0,0,11
361,17,24.479999542,24.48,1,11,9,2,31,31,0,0,0,12,10,6,2,0,1,0,340,0,F,21,0,1,3,10,7,normal,0,1,0,0,11
362,17,24.479999542,24.48,0,5,5,0,21,21,0,0,0,2,9,5,3,1,1,0,304,0,F,29,0,1,1,10,5,normal,0,1,0,0,11
363,17,24.479999542,24.48,2,13,13,0,21,21,0,0,2,11,7,1,0,0,0,0,157,1,M,22,1,1,3,7,5,normal,0,1,0,0,11
364,17,24.479999542,24.48,3,18,15,3,15,15,0,0,0,6,3,1,5,0,0,0,186,1,M,24,1,0,10,5,10,normal,0,1,0,0,11
365,17,24.479999542,24.48,3,10,9,1,28,28,0,0,1,8,13,4,2,0,0,0,283,0,F,19,0,1,6,7,5,normal,0,1,0,0,11
366,17,24.479999542,24.48,2,13,9,4,13,13,0,0,1,4,5,2,1,0,0,0,128,0,F,23,1,0,9,8,8,normal,0,1,0,0,11
367,17,24.479999542,24.48,2,10,3,7,20,17,3,0,0,1,11,3,2,0,0,0,203,0,F,29,0,1,4,9,3,normal,0,1,0,0,11
368,17,24.479999542,24.48,2,10,5,5,24,23,1,0,1,6,12,2,2,0,0,0,231,0,F,22,1,1,4,9,10,normal,0,1,0,0,11
369,17,24.479999542,24.48,3,23,21,2,18,16,2,0,1,2,8,5,0,0,0,0,170,1,M,20,0,1,10,6,7,normal,0,1,0,0,11
370,17,24.479999542,24.48,3,13,12,1,19,18,1,0,1,5,6,3,2,1,0,0,208,1,M,19,0,1,8,7,7,normal,0,1,0,0,11
371,17,24.479999542,24.48,3,13,12,1,17,17,0,0,0,4,10,2,1,0,0,0,175,0,F,20,1,0,7,8,7,normal,0,1,0,0,11
372,17,24.479999542,24.48,2,10,7,3,9,9,0,0,1,5,1,2,0,0,0,0,73,1,M,23,0,1,9,9,8,normal,0,1,0,0,11
373,17,24.479999542,24.48,3,12,10,2,20,20,0,0,1,4,7,7,1,0,0,0,223,1,M,19,1,1,9,9,7,normal,0,1,0,0,11
374,17,24.479999542,24.48,2,15,14,1,11,10,1,0,1,1,6,1,1,0,0,0,105,0,F,22,0,0,7,5,8,normal,0,1,0,0,11
375,17,24.479999542,24.48,2,12,10,2,25,25,0,0,4,6,7,4,4,0,0,0,262,1,M,28,0,1,8,8,7,normal,0,1,0,0,11
376,17,24.479999542,24.48,2,4,4,0,11,11,0,0,1,4,3,2,1,0,0,0,108,1,M,19,0,1,2,7,6,normal,0,1,0,0,11
377,17,24.479999542,24.48,2,16,14,2,14,14,0,0,0,3,5,4,1,1,0,0,177,1,M,19,1,1,10,6,7,normal,0,1,0,0,11
378,18,30.649999619,30.65,3,17,13,4,28,28,0,0,0,5,10,7,6,0,0,0,361,0,F,20,0,1,9,10,7,hot,0,0,0,1,11
379,18,30.649999619,30.65,2,21,12,9,32,32,0,0,4,13,11,4,0,0,0,0,260,1,M,19,0,1,6,8,9,hot,0,0,0,1,11
380,18,30.649999619,30.65,2,11,10,1,16,15,1,0,0,5,4,3,3,0,0,0,178,1,M,21,1,0,8,8,8,hot,0,0,0,1,11
381,18,30.649999619,30.65,3,20,20,0,14,14,0,0,0,3,8,3,0,0,0,0,143,1,M,22,1,1,7,1,7,hot,0,0,0,1,11
382,18,30.649999619,30.65,3,12,11,1,33,33,0,0,2,8,17,4,2,0,0,0,326,1,M,22,0,0,10,3,10,hot,0,0,0,1,11
383,18,30.649999619,30.65,3,9,7,2,24,24,0,0,1,6,10,6,1,0,0,0,250,0,F,19,0,1,2,5,9,hot,0,0,0,1,11
384,18,30.649999619,30.65,0,7,5,2,8,8,0,0,0,1,4,1,2,0,0,0,103,0,F,24,1,0,2,2,10,hot,0,0,0,1,11
385,18,30.649999619,30.65,3,13,12,1,25,25,0,0,3,10,8,3,1,0,0,0,215,0,F,29,0,1,9,3,10,hot,0,0,0,1,11
386,18,30.649999619,30.65,3,13,13,0,10,10,0,0,2,2,2,3,1,0,0,0,104,1,M,20,0,0,8,1,10,hot,0,0,0,1,11
387,18,30.649999619,30.65,3,18,17,1,14,13,1,0,0,3,7,2,1,0,0,0,139,0,F,26,0,1,8,7,8,hot,0,0,0,1,11
388,18,30.649999619,30.65,3,16,14,2,29,29,0,0,1,12,9,4,3,0,0,0,288,1,M,27,0,1,10,10,8,hot,0,0,0,1,11
389,18,30.649999619,30.65,2,15,14,1,14,13,1,0,1,5,4,2,1,0,0,0,124,0,F,19,1,0,4,7,5,hot,0,0,0,1,11
390,18,30.649999619,30.65,2,19,18,1,11,11,0,0,1,1,1,7,1,0,0,0,145,1,M,25,1,0,5,2,7,hot,0,0,0,1,11
391,18,30.649999619,30.65,2,12,9,3,22,21,1,0,0,3,10,8,0,0,0,0,238,0,F,27,0,1,10,10,10,hot,0,0,0,1,11
392,18,30.649999619,30.65,3,9,6,3,21,16,5,0,1,4,7,1,3,0,0,0,175,1,M,20,0,1,9,3,9,hot,0,0,0,1,11
393,18,30.649999619,30.65,3,21,19,2,20,20,0,0,0,3,4,11,2,0,0,0,265,1,M,21,0,1,9,8,3,hot,0,0,0,1,11
394,18,30.649999619,30.65,3,13,8,5,23,23,0,0,1,6,8,6,2,0,0,0,251,1,M,17,1,1,8,10,8,hot,0,0,0,1,11
395,18,30.649999619,30.65,1,13,10,3,23,19,4,0,1,10,6,2,0,0,0,0,153,1,M,25,1,1,6,7,10,hot,0,0,0,1,11
396,18,30.649999619,30.65,1,20,18,2,21,19,2,0,0,8,3,6,2,0,0,0,210,1,M,25,1,1,7,5,10,hot,0,0,0,1,11
397,18,30.649999619,30.65,3,14,13,1,17,17,0,0,3,5,7,2,0,0,0,0,139,1,M,27,0,0,10,10,10,hot,0,0,0,1,11
398,18,30.649999619,30.65,3,14,13,1,38,38,0,0,4,11,16,4,3,0,0,0,361,0,F,24,0,1,10,10,10,hot,0,0,0,1,11
399,18,30.649999619,30.65,2,14,7,7,17,17,0,0,2,5,3,4,3,0,0,0,189,1,M,19,1,1,8,6,6,hot,0,0,0,1,11
400,18,30.649999619,30.65,3,12,11,1,22,22,0,0,2,8,9,3,0,0,0,0,189,1,M,19,0,1,1,9,1,hot,0,0,0,1,11
401,18,30.649999619,30.65,3,9,5,4,23,20,3,0,2,6,6,3,2,1,0,0,217,1,M,19,1,0,1,7,2,hot,0,0,0,1,11
402,18,30.649999619,30.65,2,10,7,3,28,27,1,0,2,12,9,3,1,0,0,0,234,1,M,21,0,1,2,10,6,hot,0,0,0,1,11
403,19,17.829999924,17.83,3,7,7,0,21,21,0,0,1,7,6,7,0,0,0,0,210,0,F,20,0,1,2,8,9,cool,1,0,0,0,11
404,19,17.829999924,17.83,3,15,14,1,16,15,1,0,1,3,7,4,0,0,0,0,151,1,M,19,0,1,10,7,10,cool,1,0,0,0,11
405,19,17.829999924,17.83,1,11,10,1,12,12,0,0,0,2,6,4,0,0,0,0,132,0,F,29,0,0,3,5,9,cool,1,0,0,0,11
406,19,17.829999924,17.83,3,20,17,3,34,28,4,2,4,5,9,7,3,0,0,0,300,1,M,23,1,1,7,9,8,cool,1,0,0,0,11
407,19,17.829999924,17.83,3,15,13,2,31,31,0,0,1,3,15,9,3,0,0,0,369,1,M,19,1,0,9,10,8,cool,1,0,0,0,11
408,19,17.829999924,17.83,0,9,7,2,22,22,0,0,3,8,7,4,0,0,0,0,187,1,M,22,0,1,8,9,10,cool,1,0,0,0,11
409,19,17.829999924,17.83,3,13,7,6,19,19,0,0,0,5,9,5,0,0,0,0,195,1,M,21,0,1,10,6,10,cool,1,0,0,0,11
410,19,17.829999924,17.83,3,14,12,2,28,28,0,0,1,13,11,1,2,0,0,0,248,0,F,19,0,1,6,7,6,cool,1,0,0,0,11
411,19,17.829999924,17.83,3,8,8,0,21,21,0,0,1,8,9,2,1,0,0,0,192,0,F,22,0,1,5,9,8,cool,1,0,0,0,11
412,19,17.829999924,17.83,2,15,13,2,12,9,3,0,0,2,4,2,0,1,0,0,110,1,M,32,1,0,7,6,9,cool,1,0,0,0,11
413,19,17.829999924,17.83,2,3,3,0,49,44,3,2,1,5,16,12,8,1,1,0,605,0,F,29,0,1,1,10,5,cool,1,0,0,0,11
414,19,17.829999924,17.83,3,16,15,1,19,19,0,0,1,3,4,6,5,0,0,0,256,0,F,27,0,1,6,7,7,cool,1,0,0,0,11
415,19,17.829999924,17.83,3,19,19,0,27,27,0,0,0,3,14,7,3,0,0,0,326,1,M,27,0,1,8,8,9,cool,1,0,0,0,11
416,19,17.829999924,17.83,3,19,19,0,22,22,0,0,0,5,7,7,3,0,0,0,268,1,M,25,0,1,8,6,8,cool,1,0,0,0,11
417,19,17.829999924,17.83,3,19,17,2,32,32,0,0,0,8,15,4,3,1,1,0,385,1,M,22,0,1,7,8,7,cool,1,0,0,0,11
418,19,17.829999924,17.83,1,13,12,1,13,13,0,0,1,3,4,4,0,0,0,1,166,0,F,23,1,0,7,8,9,cool,1,0,0,0,11
419,19,17.829999924,17.83,2,12,11,1,21,21,0,0,2,7,5,4,3,0,0,0,221,1,M,20,1,1,9,10,10,cool,1,0,0,0,11
420,19,17.829999924,17.83,1,12,12,0,20,18,2,0,4,2,6,5,1,0,0,0,180,1,M,27,1,1,10,10,9,cool,1,0,0,0,11
421,19,17.829999924,17.83,3,13,11,2,12,12,0,0,1,2,5,2,1,1,0,0,144,0,F,25,1,0,10,7,9,cool,1,0,0,0,11
422,19,17.829999924,17.83,2,13,8,5,22,20,2,0,0,4,10,5,1,0,0,0,220,1,M,26,0,1,3,8,10,cool,1,0,0,0,11
423,19,17.829999924,17.83,3,14,14,0,18,18,0,0,0,2,7,6,3,0,0,0,235,1,M,19,1,1,5,10,9,cool,1,0,0,0,11
424,19,17.829999924,17.83,3,18,16,2,17,17,0,0,0,5,7,4,1,0,0,0,181,1,M,22,0,1,7,5,5,cool,1,0,0,0,11
425,19,17.829999924,17.83,2,19,13,6,13,13,0,0,0,1,2,6,3,1,0,0,207,1,M,19,0,0,7,9,8,cool,1,0,0,0,11
426,19,17.829999924,17.83,0,6,3,3,15,0,15,0,0,0,0,0,0,0,0,0,0,0,F,40,0,1,4,8,4,cool,1,0,0,0,11
427,19,17.829999924,17.83,3,18,17,1,5,5,0,0,0,0,2,2,1,0,0,0,71,1,M,21,0,0,8,3,6,cool,1,0,0,0,11
428,20,18.159999847,18.16,2,12,9,3,21,20,1,0,1,7,7,4,1,0,0,0,196,1,M,22,1,1,7,5,7,cool,1,0,0,0,11
429,20,18.159999847,18.16,3,7,7,0,31,31,0,0,0,6,17,3,4,1,0,0,363,0,F,20,0,1,5,10,7,cool,1,0,0,0,11
430,20,18.159999847,18.16,3,14,12,2,45,45,0,0,0,12,19,10,4,0,0,0,496,1,M,21,1,1,7,9,7,cool,1,0,0,0,11
431,20,18.159999847,18.16,3,11,10,1,26,26,0,0,2,7,11,5,1,0,0,0,254,1,M,28,0,1,1,7,7,cool,1,0,0,0,11
432,20,18.159999847,18.16,0,10,7,3,17,17,0,0,1,8,5,2,1,0,0,0,152,0,F,21,0,1,3,3,8,cool,1,0,0,0,11
433,20,18.159999847,18.16,1,7,4,3,15,14,1,0,0,1,7,4,1,1,0,0,185,0,F,23,1,1,3,10,3,cool,1,0,0,0,11
434,20,18.159999847,18.16,3,13,12,1,18,18,0,0,0,1,8,7,2,0,0,0,233,1,M,21,0,1,5,5,8,cool,1,0,0,0,11
435,20,18.159999847,18.16,3,7,5,2,24,24,0,0,1,5,12,4,2,0,0,0,255,0,F,20,1,1,7,9,10,cool,1,0,0,0,11
436,20,18.159999847,18.16,0,9,7,2,16,16,0,0,0,8,4,3,1,0,0,0,154,1,M,17,0,0,6,6,8,cool,1,0,0,0,11
437,20,18.159999847,18.16,1,10,8,2,21,21,0,0,0,5,6,6,4,0,0,0,264,0,F,22,1,1,3,4,3,cool,1,0,0,0,11
438,20,18.159999847,18.16,1,8,7,1,20,20,0,0,2,8,5,4,1,0,0,0,185,0,F,30,1,1,6,6,7,cool,1,0,0,0,11
439,20,18.159999847,18.16,3,8,3,5,18,18,0,0,4,9,3,1,1,0,0,0,132,1,M,20,1,1,5,5,,cool,1,0,0,0,11
440,20,18.159999847,18.16,3,11,10,1,22,21,1,0,2,11,2,4,1,1,0,0,201,1,M,23,1,1,8,5,9,cool,1,0,0,0,11
441,20,18.159999847,18.16,3,17,17,0,33,32,1,0,0,3,16,9,4,0,0,0,397,1,M,27,0,1,8,10,9,cool,1,0,0,0,11
442,20,18.159999847,18.16,1,9,4,5,13,13,0,0,0,1,7,4,1,0,0,0,157,1,M,21,0,1,4,3,8,cool,1,0,0,0,11
443,20,18.159999847,18.16,0,9,9,0,10,10,0,0,0,2,4,2,2,0,0,0,124,0,F,28,0,0,1,5,10,cool,1,0,0,0,11
444,20,18.159999847,18.16,3,18,13,5,21,21,0,0,3,3,8,5,2,0,0,0,224,0,F,19,1,1,5,10,10,cool,1,0,0,0,11
445,20,18.159999847,18.16,2,10,6,4,10,9,1,0,0,1,1,5,2,0,0,0,133,0,F,20,1,0,4,8,10,cool,1,0,0,0,11
446,20,18.159999847,18.16,3,7,4,3,33,31,2,0,1,6,12,12,0,0,0,0,339,0,F,28,0,1,4,8,8,cool,1,0,0,0,11
447,20,18.159999847,18.16,3,11,7,4,20,20,0,0,1,4,8,4,3,0,0,0,230,0,F,20,0,1,7,4,10,cool,1,0,0,0,11
448,20,18.159999847,18.16,3,11,7,4,25,25,0,0,2,7,10,4,1,1,0,0,257,1,M,20,1,0,5,7,8,cool,1,0,0,0,11
449,20,18.159999847,18.16,0,9,7,2,18,18,0,0,0,4,6,7,1,0,0,0,210,0,F,34,0,1,6,9,7,cool,1,0,0,0,11
450,20,18.159999847,18.16,2,12,7,5,30,30,0,0,1,10,12,4,3,0,0,0,306,0,F,22,1,1,5,7,10,cool,1,0,0,0,11
451,20,18.159999847,18.16,2,17,14,3,20,20,0,0,2,6,7,4,1,0,0,0,193,1,M,20,0,1,8,10,7,cool,1,0,0,0,11
452,21,16.190000534,16.19,3,12,9,3,27,26,0,1,3,10,9,4,0,0,0,0,219,1,M,22,0,0,4,8,,cool,1,0,0,0,12
453,21,16.190000534,16.19,3,21,21,0,45,45,0,0,0,6,23,10,6,0,0,0,542,1,M,22,0,1,8,7,,cool,1,0,0,0,12
454,21,16.190000534,16.19,3,20,10,10,24,24,0,0,4,4,11,5,0,0,0,0,221,1,M,22,1,0,8,6,,cool,1,0,0,0,12
455,21,16.190000534,16.19,0,9,6,3,20,18,2,0,2,6,6,4,0,0,0,0,162,0,F,19,0,1,2,9,,cool,1,0,0,0,12
456,21,16.190000534,16.19,3,19,14,5,22,22,0,0,2,4,7,5,4,0,0,0,259,1,M,21,0,1,8,8,,cool,1,0,0,0,12
457,21,16.190000534,16.19,0,6,4,2,8,7,1,0,0,0,5,2,0,0,0,0,80,0,F,19,0,1,5,8,,cool,1,0,0,0,12
458,21,16.190000534,16.19,3,17,17,0,36,36,0,0,3,7,17,5,4,0,0,0,380,1,M,23,1,1,10,10,,cool,1,0,0,0,12
459,21,16.190000534,16.19,3,18,16,2,43,43,0,0,1,6,23,10,3,0,0,0,482,1,M,19,0,1,10,10,,cool,1,0,0,0,12
460,21,16.190000534,16.19,0,7,7,0,14,14,0,0,0,4,5,3,2,0,0,0,161,0,F,21,0,0,1,8,,cool,1,0,0,0,12
461,21,16.190000534,16.19,2,9,7,2,22,21,1,0,3,9,6,1,2,0,0,0,180,1,M,22,1,1,4,6,,cool,1,0,0,0,12
462,21,16.190000534,16.19,3,14,11,3,26,26,0,0,3,8,8,6,1,0,0,0,248,0,F,29,0,1,5,7,,cool,1,0,0,0,12
463,21,16.190000534,16.19,3,19,12,7,20,20,0,0,1,9,6,3,1,0,0,0,183,1,M,20,1,1,10,2,,cool,1,0,0,0,12
464,21,16.190000534,16.19,3,11,10,1,23,23,0,0,0,3,12,5,3,0,0,0,276,0,F,26,0,1,7,8,,cool,1,0,0,0,12
465,21,16.190000534,16.19,3,29,28,1,38,33,5,0,0,6,10,10,6,1,0,0,440,1,M,23,0,1,8,7,,cool,1,0,0,0,12
466,21,16.190000534,16.19,3,18,17,1,28,27,1,0,2,5,10,8,2,0,0,0,298,1,M,21,1,1,8,8,,cool,1,0,0,0,12
467,21,16.190000534,16.19,3,11,8,3,19,19,0,0,0,7,11,1,0,0,0,0,167,1,M,18,1,1,6,4,,cool,1,0,0,0,12
468,21,16.190000534,16.19,0,6,6,0,9,2,7,0,0,0,1,1,0,0,0,0,25,0,F,26,0,1,1,10,,cool,1,0,0,0,12
469,21,16.190000534,16.19,1,11,8,3,18,17,1,0,2,2,8,4,1,0,0,0,179,0,F,22,1,1,6,10,,cool,1,0,0,0,12
470,21,16.190000534,16.19,3,24,23,1,44,44,0,0,4,14,13,8,5,0,0,0,451,1,M,23,1,1,10,10,,cool,1,0,0,0,12
471,21,16.190000534,16.19,3,14,14,0,26,26,0,0,4,8,8,3,3,0,0,0,248,1,M,23,0,1,6,7,,cool,1,0,0,0,12
472,21,16.190000534,16.19,3,17,16,1,22,22,0,0,2,3,6,7,3,0,1,0,288,1,M,28,0,1,8,10,,cool,1,0,0,0,12
473,21,16.190000534,16.19,1,6,5,1,4,2,2,0,0,1,1,0,0,0,0,0,16,1,M,19,0,1,2,4,,cool,1,0,0,0,12
474,21,16.190000534,16.19,2,16,8,8,20,20,0,0,0,8,9,1,2,0,0,0,195,1,M,22,1,1,6,2,,cool,1,0,0,0,12
475,22,22.909999847,22.91,3,12,7,5,22,22,0,0,0,3,7,7,4,1,0,0,305,0,F,22,0,1,2,9,,normal,0,1,0,0,12
476,22,22.909999847,22.91,3,7,5,2,22,22,0,0,1,4,12,3,2,0,0,0,234,0,F,25,0,1,2,8,,normal,0,1,0,0,12
477,22,22.909999847,22.91,3,20,18,2,21,20,1,0,2,1,8,5,4,0,0,0,251,0,F,32,0,0,10,5,,normal,0,1,0,0,12
478,22,22.909999847,22.91,1,13,11,2,24,24,0,0,2,11,4,5,2,0,0,0,229,0,F,20,1,1,9,8,,normal,0,1,0,0,12
479,22,22.909999847,22.91,1,10,9,1,27,26,1,0,5,12,3,3,3,0,0,0,225,0,F,24,0,1,4,8,,normal,0,1,0,0,12
480,22,22.909999847,22.91,3,16,16,0,45,41,4,0,0,4,14,14,7,2,0,0,577,1,M,24,0,1,8,7,,normal,0,1,0,0,12
481,22,22.909999847,22.91,1,13,13,0,24,23,0,1,0,5,13,5,0,0,0,0,235,1,M,22,0,1,8,8,,normal,0,1,0,0,12
482,22,22.909999847,22.91,3,12,9,3,30,30,0,0,0,6,10,5,7,2,0,0,414,1,M,21,1,1,10,7,,normal,0,1,0,0,12
483,22,22.909999847,22.91,3,18,16,2,33,33,0,0,5,8,9,5,5,0,1,0,369,1,M,21,1,1,8,10,,normal,0,1,0,0,12
484,22,22.909999847,22.91,3,13,12,1,21,19,2,0,0,5,8,3,3,0,0,0,218,1,M,25,1,1,9,7,,normal,0,1,0,0,12
485,22,22.909999847,22.91,2,16,15,1,26,26,0,0,3,7,7,6,3,0,0,0,274,0,F,23,0,1,7,7,,normal,0,1,0,0,12
486,22,22.909999847,22.91,0,12,11,1,22,21,1,0,2,7,8,3,0,0,1,0,209,1,M,20,1,1,7,9,,normal,0,1,0,0,12
487,22,22.909999847,22.91,3,10,7,3,20,20,0,0,1,5,9,4,1,0,0,0,204,1,M,21,1,1,5,8,,normal,0,1,0,0,12
488,22,22.909999847,22.91,3,11,10,1,38,34,4,0,0,4,11,11,6,2,0,0,481,0,F,24,0,1,6,9,,normal,0,1,0,0,12
489,22,22.909999847,22.91,3,14,14,0,28,26,0,2,2,5,13,5,1,0,0,0,262,1,M,28,0,1,7,8,,normal,0,1,0,0,12
490,22,22.909999847,22.91,2,15,14,1,21,21,0,0,1,4,9,4,3,0,0,0,240,1,M,23,0,1,6,10,,normal,0,1,0,0,12
491,22,22.909999847,22.91,3,12,9,3,10,10,0,0,1,2,6,1,0,0,0,0,90,1,M,20,1,0,8,7,,normal,0,1,0,0,12
492,22,22.909999847,22.91,3,6,6,0,10,10,0,0,1,1,4,2,1,1,0,0,128,1,M,39,0,0,8,9,,normal,0,1,0,0,12
493,22,22.909999847,22.91,1,8,5,3,31,30,1,0,1,11,7,7,4,0,0,0,328,0,F,22,0,0,1,7,,normal,0,1,0,0,12
494,22,22.909999847,22.91,3,7,6,1,24,24,0,0,2,10,6,3,3,0,0,0,234,0,F,20,1,0,1,10,,normal,0,1,0,0,12
495,22,22.909999847,22.91,1,13,13,0,4,4,0,0,0,2,1,1,0,0,0,0,37,0,F,21,1,0,9,3,,normal,0,1,0,0,12
496,23,30.229999542,30.23,0,14,11,3,22,21,1,0,2,7,7,3,2,0,0,0,205,0,F,19,0,1,3,6,,hot,0,0,0,1,12
497,23,30.229999542,30.23,1,31,28,3,12,7,5,0,0,5,1,0,1,0,0,0,61,1,M,27,1,1,9,1,,hot,0,0,0,1,12
498,23,30.229999542,30.23,3,12,10,2,34,31,0,3,2,8,15,4,2,0,0,0,306,0,F,20,0,1,6,8,,hot,0,0,0,1,12
499,23,30.229999542,30.23,2,7,5,2,21,21,0,0,4,5,6,6,0,0,0,0,192,1,M,19,1,1,3,5,,hot,0,0,0,1,12
500,23,30.229999542,30.23,0,15,13,2,18,17,1,0,1,3,9,2,2,0,0,0,183,0,F,23,0,1,2,10,,hot,0,0,0,1,12
501,23,30.229999542,30.23,3,5,5,0,13,11,2,0,0,0,5,3,3,0,0,0,158,1,M,21,0,1,7,8,,hot,0,0,0,1,12
502,23,30.229999542,30.23,1,13,7,6,52,52,0,0,4,15,19,12,2,0,0,0,514,0,F,20,0,1,6,8,,hot,0,0,0,1,12
503,23,30.229999542,30.23,3,9,7,2,16,14,2,0,1,2,4,4,2,1,0,0,185,1,M,18,0,1,5,10,,hot,0,0,0,1,12
504,23,30.229999542,30.23,3,7,4,3,18,18,0,0,2,3,5,6,1,1,0,0,213,0,F,19,1,1,3,5,,hot,0,0,0,1,12
505,23,30.229999542,30.23,3,19,17,2,24,22,0,2,4,7,9,2,0,0,0,0,174,1,M,19,1,1,8,6,,hot,0,0,0,1,12
506,23,30.229999542,30.23,3,9,7,2,7,7,0,0,0,1,3,2,1,0,0,0,87,1,M,23,0,0,7,5,,hot,0,0,0,1,12
507,23,30.229999542,30.23,2,9,7,2,37,37,0,0,6,16,9,5,1,0,0,0,300,0,F,20,0,1,7,10,,hot,0,0,0,1,12
508,23,30.229999542,30.23,3,13,7,6,16,16,0,0,0,5,7,2,1,1,0,0,179,1,M,21,0,1,8,6,,hot,0,0,0,1,12
509,23,30.229999542,30.23,1,11,9,2,10,9,1,0,0,2,6,0,1,0,0,0,93,1,M,18,0,0,6,7,,hot,0,0,0,1,12
510,23,30.229999542,30.23,3,14,11,3,23,23,0,0,5,4,7,5,2,0,0,0,226,1,M,26,0,1,2,8,,hot,0,0,0,1,12
511,23,30.229999542,30.23,2,12,8,4,10,9,1,0,0,2,2,3,2,0,0,0,119,0,F,20,0,1,6,9,,hot,0,0,0,1,12
512,23,30.229999542,30.23,3,13,10,3,19,19,0,0,1,6,3,5,3,1,0,0,235,1,M,22,0,1,10,7,,hot,0,0,0,1,12
513,23,30.229999542,30.23,3,14,13,1,32,32,0,0,4,13,8,7,0,0,0,0,275,1,M,21,1,1,8,8,,hot,0,0,0,1,12
514,23,30.229999542,30.23,2,12,10,2,17,17,0,0,1,5,6,2,3,0,0,0,186,1,M,24,0,1,3,8,,hot,0,0,0,1,12
515,23,30.229999542,30.23,2,16,16,0,14,14,0,0,2,5,3,1,3,0,0,0,144,0,F,21,0,0,10,7,,hot,0,0,0,1,12
516,23,30.229999542,30.23,3,13,12,1,18,18,0,0,1,4,7,4,1,1,0,0,206,1,M,19,1,1,10,8,,hot,0,0,0,1,12
517,23,30.229999542,30.23,2,16,13,3,34,34,0,0,0,7,15,7,5,0,0,0,402,1,M,23,0,1,7,8,,hot,0,0,0,1,12
518,23,30.229999542,30.23,0,12,9,3,24,24,0,0,1,11,6,3,3,0,0,0,237,0,F,19,0,0,6,9,,hot,0,0,0,1,12
519,23,30.229999542,30.23,1,15,14,1,12,11,1,0,0,0,3,5,2,1,0,0,175,1,M,29,1,1,6,7,,hot,0,0,0,1,12
520,24,22.739999771,22.74,3,13,12,1,48,47,0,1,0,11,20,11,5,0,0,0,536,0,F,24,0,1,7,10,,normal,0,1,0,0,12
521,24,22.739999771,22.74,1,26,0,26,13,13,0,0,0,1,3,3,3,3,0,0,228,0,F,23,0,0,7,7,,normal,0,1,0,0,12
522,24,22.739999771,22.74,2,19,19,0,19,19,0,0,0,7,6,3,1,1,1,0,232,1,M,27,0,1,7,3,,normal,0,1,0,0,12
523,24,22.739999771,22.74,1,11,8,3,23,19,3,1,1,10,6,2,0,0,0,0,153,1,M,24,1,1,2,2,,normal,0,1,0,0,12
524,24,22.739999771,22.74,2,12,12,0,21,21,0,0,2,8,6,2,3,0,0,0,207,0,F,24,1,1,2,3,,normal,0,1,0,0,12
525,24,22.739999771,22.74,0,17,14,3,25,25,0,0,0,4,9,7,4,1,0,0,331,0,F,21,1,1,9,9,,normal,0,1,0,0,12
526,24,22.739999771,22.74,3,14,14,0,17,16,1,0,0,1,9,3,2,1,0,0,211,0,F,26,0,1,7,9,,normal,0,1,0,0,12
527,24,22.739999771,22.74,3,14,11,3,11,11,0,0,0,6,3,1,1,0,0,0,102,1,M,18,1,0,8,6,,normal,0,1,0,0,12
528,24,22.739999771,22.74,3,20,20,0,33,33,0,0,0,8,15,6,3,1,0,0,379,1,M,24,0,1,7,7,,normal,0,1,0,0,12
529,24,22.739999771,22.74,2,17,15,2,21,20,1,0,0,3,7,5,5,0,0,0,268,0,F,22,0,1,3,10,,normal,0,1,0,0,12
530,24,22.739999771,22.74,1,14,14,0,12,0,12,0,0,0,0,0,0,0,0,0,0,1,M,19,1,0,5,1,,normal,0,1,0,0,12
531,24,22.739999771,22.74,3,21,20,1,34,33,1,0,3,8,14,6,2,0,0,0,329,1,M,18,1,1,8,9,,normal,0,1,0,0,12
532,24,22.739999771,22.74,3,10,10,0,32,32,0,0,1,10,12,6,3,0,0,0,336,1,M,26,0,1,5,8,,normal,0,1,0,0,12
533,24,22.739999771,22.74,1,14,13,1,32,30,2,0,1,7,10,10,2,0,0,0,337,0,F,22,0,1,9,9,,normal,0,1,0,0,12
534,24,22.739999771,22.74,3,17,14,3,29,27,2,0,1,8,9,8,1,0,0,0,282,1,M,22,1,1,9,10,,normal,0,1,0,0,12
535,24,22.739999771,22.74,0,13,12,1,22,20,2,0,1,5,5,5,3,0,1,0,257,1,M,20,1,0,3,8,,normal,0,1,0,0,12
536,24,22.739999771,22.74,3,8,8,0,21,21,0,0,2,5,5,7,2,0,0,0,233,1,M,30,0,1,1,1,,normal,0,1,0,0,12
537,24,22.739999771,22.74,3,16,14,2,15,15,0,0,1,8,4,1,1,0,0,0,127,1,M,21,1,0,5,3,,normal,0,1,0,0,12
538,24,22.739999771,22.74,1,12,10,2,11,11,0,0,0,3,3,2,2,0,1,0,156,0,F,20,0,0,5,8,,normal,0,1,0,0,12
539,24,22.739999771,22.74,3,13,12,1,20,20,0,0,0,4,10,3,2,0,1,0,247,1,M,25,0,1,2,6,,normal,0,1,0,0,12
540,24,22.739999771,22.74,3,12,12,0,27,27,0,0,2,9,10,5,0,1,0,0,263,1,M,20,1,1,5,9,,normal,0,1,0,0,12
541,24,22.739999771,22.74,0,10,9,1,14,14,0,0,0,4,7,2,1,0,0,0,145,0,F,22,1,0,10,10,,normal,0,1,0,0,12
542,24,22.739999771,22.74,2,9,7,2,33,30,2,1,6,8,10,4,2,0,0,0,268,0,F,24,0,1,3,6,,normal,0,1,0,0,12
